Company,Region,ESG Rating ,Investment Rec.,Professional Investment Thesis
Nucor,USA,AAA,BUY,"Primary beneficiary of the low-carbon transition. With a 100% EAF share and best-in-class intensity (0.43 tCO2/t), Nucor is effectively 'future-proofed' against carbon taxes, allowing for significant market share capture as competitors' margins erode."
Steel Dynamics,USA,AAA,BUY,"Primary beneficiary of the low-carbon transition. With a 100% EAF share and best-in-class intensity (0.5 tCO2/t), Steel Dynamics is effectively 'future-proofed' against carbon taxes, allowing for significant market share capture as competitors' margins erode."
ArcelorMittal,Europe/Global,BBB,HOLD,"Operational efficiency is high, but heavy reliance on traditional BF-BOF routes in Europe/Global creates a transition bottleneck. While currently stable, ArcelorMittal requires an estimated $34.8B in green capex to avoid long-term structural margin compression (> 29.1%)."
Baowu Steel,China,CCC,SELL,"High-risk exposure to intensifying carbon regulations. With a carbon intensity of 2.1 tCO2/t, Baowu Steel faces a terminal threat to profitability, with base-case margin erosion exceeding 37.1%. The lack of aggressive H2-DRI transition plans makes the current valuation unsustainable."
POSCO,South Korea,BBB,HOLD,"Operational efficiency is high, but heavy reliance on traditional BF-BOF routes in South Korea creates a transition bottleneck. While currently stable, POSCO requires an estimated $25.2B in green capex to avoid long-term structural margin compression (> 25.3%)."
Nippon Steel,Japan,BBB,HOLD,"Operational efficiency is high, but heavy reliance on traditional BF-BOF routes in Japan creates a transition bottleneck. While currently stable, Nippon Steel requires an estimated $26.4B in green capex to avoid long-term structural margin compression (> 29.9%)."
Tata Steel,India,CCC,SELL,"High-risk exposure to intensifying carbon regulations. With a carbon intensity of 2.22 tCO2/t, Tata Steel faces a terminal threat to profitability, with base-case margin erosion exceeding 38.2%. The lack of aggressive H2-DRI transition plans makes the current valuation unsustainable."
JSW Steel,India,CCC,SELL,"High-risk exposure to intensifying carbon regulations. With a carbon intensity of 2.35 tCO2/t, JSW Steel faces a terminal threat to profitability, with base-case margin erosion exceeding 39.0%. The lack of aggressive H2-DRI transition plans makes the current valuation unsustainable."
Thyssenkrupp,Germany,CCC,SELL,"High-risk exposure to intensifying carbon regulations. With a carbon intensity of 2.15 tCO2/t, Thyssenkrupp faces a terminal threat to profitability, with base-case margin erosion exceeding 42.9%. The lack of aggressive H2-DRI transition plans makes the current valuation unsustainable."
Voestalpine,Austria,AAA,BUY,"Primary beneficiary of the low-carbon transition. With a 10% EAF share and best-in-class intensity (1.6 tCO2/t), Voestalpine is effectively 'future-proofed' against carbon taxes, allowing for significant market share capture as competitors' margins erode."
